{
    "rmse": 0.8045684495546788,
    "mae": 0.6571708536404792,
    "r2": 0.009449753613665401
}